{"cameraMode":{"drawMode":0,"name":"Shaded","section":"Shading Mode"},"sceneLighting":false,"audioPlay":false,"sceneViewState":{"showFog":true,"showMaterialUpdate":true,"showSkybox":true,"showFlares":true,"showImageEffects":true,"showParticleSystems":true},"in2DMode":false,"pivot":{"x":327.51416015625,"y":1536.9024658203125,"z":-480.343017578125},"rotation":{"x":-0.24974325299263,"y":0.14373023808002473,"z":-0.03751438111066818,"w":-0.9568504095077515},"size":4154.6669921875,"orthographic":false}