{"cameraMode":{"drawMode":0,"name":"Shaded","section":"Shading Mode"},"sceneLighting":false,"audioPlay":false,"sceneViewState":{"showFog":true,"showMaterialUpdate":true,"showSkybox":true,"showFlares":true,"showImageEffects":true,"showParticleSystems":true},"in2DMode":false,"pivot":{"x":135.40298461914063,"y":1080.2728271484375,"z":280.962646484375},"rotation":{"x":-0.1629403978586197,"y":0.0405355766415596,"z":-0.006700146943330765,"w":-0.9857801198959351},"size":2728.071533203125,"orthographic":false}