{"cameraMode":{"drawMode":0,"name":"Shaded","section":"Shading Mode"},"sceneLighting":false,"audioPlay":false,"sceneViewState":{"showFog":true,"showMaterialUpdate":true,"showSkybox":true,"showFlares":true,"showImageEffects":true,"showParticleSystems":true},"in2DMode":false,"pivot":{"x":-934.96142578125,"y":870.670654296875,"z":-11.504150390625},"rotation":{"x":-0.2252393215894699,"y":0.5037930011749268,"z":-0.13797062635421754,"w":-0.8224499821662903},"size":5634.1640625,"orthographic":false}