{"cameraMode":{"drawMode":0,"name":"Shaded","section":"Shading Mode"},"sceneLighting":false,"audioPlay":false,"sceneViewState":{"showFog":true,"showMaterialUpdate":true,"showSkybox":true,"showFlares":true,"showImageEffects":true,"showParticleSystems":true},"in2DMode":false,"pivot":{"x":623.7144775390625,"y":1944.2398681640625,"z":-141.10687255859376},"rotation":{"x":-0.12591512501239777,"y":0.030348658561706544,"z":-0.003853835631161928,"w":-0.9915692806243897},"size":1887.2947998046875,"orthographic":false}