{"cameraMode":{"drawMode":0,"name":"Shaded","section":"Shading Mode"},"sceneLighting":false,"audioPlay":false,"sceneViewState":{"showFog":true,"showMaterialUpdate":true,"showSkybox":true,"showFlares":true,"showImageEffects":true,"showParticleSystems":true},"in2DMode":false,"pivot":{"x":506.26873779296877,"y":1161.156005859375,"z":-350.8369140625},"rotation":{"x":-0.12591512501239777,"y":0.030348658561706544,"z":-0.003853835631161928,"w":-0.9915692806243897},"size":1019.288330078125,"orthographic":false}