{"cameraMode":{"drawMode":0,"name":"Shaded","section":"Shading Mode"},"sceneLighting":false,"audioPlay":false,"sceneViewState":{"showFog":true,"showMaterialUpdate":true,"showSkybox":true,"showFlares":true,"showImageEffects":true,"showParticleSystems":true},"in2DMode":false,"pivot":{"x":1315.810791015625,"y":798.6002197265625,"z":224.47103881835938},"rotation":{"x":-0.1940285712480545,"y":0.5814086198806763,"z":-0.1452476531267166,"w":-0.7766724228858948},"size":2470.35888671875,"orthographic":false}