{"cameraMode":{"drawMode":0,"name":"Shaded","section":"Shading Mode"},"sceneLighting":false,"audioPlay":false,"sceneViewState":{"showFog":true,"showMaterialUpdate":true,"showSkybox":true,"showFlares":true,"showImageEffects":true,"showParticleSystems":true},"in2DMode":false,"pivot":{"x":-391.23406982421877,"y":864.21337890625,"z":163.907958984375},"rotation":{"x":-0.1629403978586197,"y":0.0405355766415596,"z":-0.006700146943330765,"w":-0.9857801198959351},"size":3559.724853515625,"orthographic":false}