{"cameraMode":{"drawMode":0,"name":"Shaded","section":"Shading Mode"},"sceneLighting":false,"audioPlay":false,"sceneViewState":{"showFog":true,"showMaterialUpdate":true,"showSkybox":true,"showFlares":true,"showImageEffects":true,"showParticleSystems":true},"in2DMode":false,"pivot":{"x":306.67962646484377,"y":1392.3583984375,"z":327.705322265625},"rotation":{"x":-0.12591512501239777,"y":0.030348658561706544,"z":-0.003853835631161928,"w":-0.9915692806243897},"size":2055.055419921875,"orthographic":false}