{"cameraMode":{"drawMode":0,"name":"Shaded","section":"Shading Mode"},"sceneLighting":false,"audioPlay":false,"sceneViewState":{"showFog":true,"showMaterialUpdate":true,"showSkybox":true,"showFlares":true,"showImageEffects":true,"showParticleSystems":true},"in2DMode":false,"pivot":{"x":1006.325439453125,"y":-1133.39990234375,"z":-56.520751953125},"rotation":{"x":-0.06620092689990998,"y":0.04249105975031853,"z":-0.002821723697707057,"w":-0.9968971610069275},"size":10632.46875,"orthographic":false}