{"cameraMode":{"drawMode":0,"name":"Shaded","section":"Shading Mode"},"sceneLighting":false,"audioPlay":false,"sceneViewState":{"showFog":true,"showMaterialUpdate":true,"showSkybox":true,"showFlares":true,"showImageEffects":true,"showParticleSystems":true},"in2DMode":false,"pivot":{"x":1200.14013671875,"y":2139.505859375,"z":-55.29302978515625},"rotation":{"x":-0.12591512501239777,"y":0.030348658561706544,"z":-0.003853835631161928,"w":-0.9915692806243897},"size":3255.47509765625,"orthographic":false}